customer_id,name,join_date,location
1,Brockie Greber,9/27/2023,Revda
2,Kathe Petren,2/7/2022,Vuokatti
3,Wally Leupold,9/7/2023,Pag
4,Marlowe Howes,12/20/2023,Frederiksberg
5,Jack Mearns,1/19/2024,Volovo
6,Kacie Sandeman,10/13/2023,Cipolletti
7,Donnie Duggan,5/20/2021,Yanjiang
8,Jessamine Fife,9/2/2021,Marialva
9,Dorothy Elliston,5/22/2023,Holboo
10,Davidson Beasley,10/3/2021,Namling
11,Trude Sofe,7/19/2021,Carlos Barbosa
12,Britni Gillion,7/11/2021,Huanza
13,Anetta Caudelier,2/26/2024,Sajan
14,Maurita Emanuel,11/22/2021,Tongjing
15,Ade Cronchey,4/19/2025,Ngurore
16,Dennison McIntosh,9/21/2022,Uga
17,Dominique Quaintance,12/6/2023,Dar Chabanne
18,Gustaf Sandom,9/25/2023,Kashihara-shi
19,Perice January,10/4/2024,Néos Mylótopos
20,Robby Goley,8/15/2021,Mascouche
21,Mallorie Blurton,10/3/2024,Zouparria do Monte
22,Correy Embery,8/9/2023,Buôn Trấp
23,Julie Lahrs,10/5/2021,Orleans
24,Mavra MacIver,9/2/2023,Lyon
25,Nalani Klebes,1/27/2023,Avignon
26,Kriste Krebs,6/1/2022,Oleksandriya
27,Vern Tunuy,2/25/2024,Open Stage
28,Hayden Inkpin,12/6/2021,Trollhättan
29,Caresse Dominguez,8/1/2023,Jiaojie
30,Giffard Occleshaw,4/2/2025,Bobon
31,Bryanty Boater,2/17/2025,Tála
32,Harwell Piddletown,3/20/2025,Xianxi
33,Lurlene Sprankling,3/12/2024,Umanggudang
34,Abraham Yerlett,12/6/2024,Bantal
35,Beth Sketch,6/10/2023,Waitakere
36,Golda Peyzer,4/27/2024,Rzhavki
37,Ephrayim Hazeltine,10/5/2022,Biryulëvo Zapadnoye
38,Darbee Fullbrook,9/28/2023,Lomboy
39,Marylou Rapson,12/7/2021,Mapiri
40,Tedda Winslett,11/10/2021,Sölvesborg
41,Chev Bernaldez,11/7/2023,Guabito
42,Malvin Kier,7/18/2023,Parigi
43,Benton Harget,1/13/2024,Gajrug
44,Sybil De Lorenzo,12/21/2024,Sędziszów
45,Garfield Mountain,2/22/2022,Sanguanzhai
46,Natale Northbridge,6/11/2023,Dazhan
47,Faustine Kalf,7/24/2022,Longshan
48,Coral Rupel,2/17/2022,Mariana
49,Tann Gimenez,1/13/2023,San Sebastian
50,Allianora McNeil,5/26/2022,At Tibnī
51,Artemus Portwain,6/4/2023,Spodnja Hajdina
52,Constantia Durden,11/19/2021,El Banco
53,Colet Dawdary,6/13/2023,Laugar
54,Briny Varfalameev,12/10/2024,Asamboka
55,Mignonne Gleave,11/13/2022,Srpska Crnja
56,Angie Pengelly,4/17/2024,Roma
57,Kara Spellward,9/28/2021,Pasanggrahan
58,Eilis Cogdon,8/3/2022,Fenglin
59,Sergio Laffling,7/3/2024,Ayapa
60,Moyna Skelhorn,3/29/2022,Santa Rosa de Aguán
61,Boothe De Luna,2/12/2024,Kuma
62,Sydney Medlar,9/3/2024,Wesoła
63,Isador Bresnahan,11/8/2024,Linshi
64,Myrvyn Roels,9/6/2022,Ledenice
65,Barclay Feary,6/13/2021,Guarenas
66,Zacharia Spier,7/30/2024,Arcena Pequena
67,Vlad Margach,10/28/2024,Krivodanovka
68,Vallie de Mendoza,9/19/2022,Pengjia Zhaizi
69,Gerek Heam,6/13/2024,Baolin
70,Sissy Pedroni,7/16/2023,Binzhou
71,Ozzie Pietzke,2/17/2024,General Alvear
72,Carlye Maundrell,7/27/2023,Bajia
73,Twila Inchboard,1/17/2024,Ouani
74,Lauraine Raiman,3/10/2025,Maoping
75,Boycey Brimner,11/9/2023,Mengla
76,Kenon Dodle,4/19/2022,Jieting
77,Rubetta Reditt,9/27/2024,Santa Brigida
78,Dalston Coburn,6/16/2024,Xingzi
79,Virgilio Elgee,4/27/2025,Kajansi
80,Garreth Basham,3/12/2025,Trzciana
81,Annecorinne Cudd,3/18/2022,Kenscoff
82,Lesya Filipovic,3/12/2022,Hetou
83,Raoul Aujouanet,6/22/2022,Apeldoorn
84,Mariam Pittet,1/4/2024,Zhaowanzhuang
85,Beauregard Jacklin,9/16/2024,Além
86,Livvie Stiff,2/26/2022,Criação Velha
87,Gabe Foster,1/22/2022,Kumberg
88,Karlotta Mullins,10/17/2022,Bobigny
89,Spencer Cornilli,2/27/2022,Ramaram
90,Sholom Hymor,7/12/2023,Zhangjiagang
91,Randolph Adamczewski,11/13/2022,Coaldale
92,Herc Nardi,6/27/2023,Krajan Satu
93,Giusto Rohfsen,1/4/2024,North Cowichan
94,Kathryn Chittem,5/28/2024,Santa Quitéria do Maranhão
95,Basile Roston,12/28/2022,Armamar
96,Launce Skelton,6/21/2021,Akora
97,Saunder Cauley,9/12/2023,Qingu
98,Cletis Seeman,12/13/2022,Pinggirsari
99,Ermina Kynoch,6/18/2024,Fuzhuang
100,Fransisco Matusson,3/21/2023,Beijie
101,Tawnya Colleymore,12/10/2021,Jaqué
102,Nanni Dine-Hart,10/7/2023,Itapagé
103,Leo McCallam,9/8/2023,Tubigan
104,Archibaldo Demkowicz,9/8/2022,L'Union
105,Odell Goaley,6/3/2023,Cestas
106,Norene Sammons,11/15/2023,Vukojevci
107,Becca Pickaver,5/29/2021,Betim
108,Karon Balentyne,11/12/2024,Emiliano Zapata
109,Cheston Haccleton,4/20/2025,Tasikmalaya
110,Noreen Luker,9/4/2022,Lunel
111,Violet Brunroth,11/1/2022,Zapolyarnyy
112,Casar Maffione,7/21/2024,Mosul
113,Ramonda Swindall,1/1/2024,María la Baja
114,Massimo Fiddian,3/29/2025,Skhodnya
115,Justis Cisco,5/7/2023,Huayuan
116,Liv Kernermann,2/21/2025,Makiyivka
117,Ogden Antyukhin,8/13/2021,Jilib
118,Lauren Redhead,5/26/2023,Placer
119,Maire Von Salzberg,8/25/2021,Huaqiao
120,Fletch Forsdicke,10/12/2023,Chiang Rai
121,Essa Kropach,2/1/2023,Almeirim
122,Josiah Kyd,1/31/2023,Ambat
123,Engracia Newstead,5/16/2021,Hatton
124,Beverie Giacomucci,12/7/2024,Lipnica
125,Marcello Dellenbach,11/13/2022,Taibai
126,Armstrong Gallemore,6/25/2024,Palermo
127,Samson Roff,1/1/2023,Sirdaryo
128,Obediah Tinan,12/23/2021,Martinópolis
129,Geri Longley,1/26/2023,Xinjian
130,Gallard Smees,11/19/2023,Sá
131,Erhart Vosse,12/24/2022,Novais
132,Mireille Iacovozzo,8/1/2022,Xiongzhang
133,Christie O'Hear,11/4/2022,Jundian
134,Nealon Hellicar,3/1/2023,San José
135,Gregor Bowe,9/13/2023,Talisay
136,Nelle Jereatt,5/30/2021,Tomigusuku
137,Karoly Pickin,11/16/2021,Zharkent
138,Hakim Litt,3/16/2024,Libato
139,Barbabra Liebmann,6/29/2021,Medvedovskaya
140,Sibley Aberdalgy,4/11/2024,Americana
141,Emelina Choudhury,1/29/2024,Langtad
142,Hart Paynter,11/8/2021,Lindong
143,Rick Johanchon,3/26/2024,Markušica
144,Gertrudis Doale,3/24/2024,Santarém
145,Broderick Shellcross,12/10/2021,Ilmajoki
146,Paquito Stot,4/26/2022,Gotemba
147,Carolee Fairholm,2/9/2024,Botoh
148,Kiele Greatham,12/13/2023,União da Vitória
149,Meggi Dedmam,3/1/2024,Quintães
150,Maurie Rude,8/15/2021,Tashi
151,Wye Sumner,4/10/2025,Gornji Breg
152,Rooney Mafham,3/16/2022,Pedreira
153,Lia Hydes,6/7/2024,Žďár nad Sázavou
154,Yoshiko Whannel,12/30/2022,Zhongzhai
155,Garold Mallabund,9/17/2021,Iza
156,Hyacinthie Fitzackerley,11/6/2022,Vales
157,Karna Choupin,7/29/2021,São Domingos do Maranhão
158,Darin Fairburne,11/10/2023,Fatumnasi
159,Decca Gleasane,6/28/2021,Kikuchi
160,Marcy Rapo,10/5/2021,Jember
161,Dallon Patty,11/12/2022,Severnyy
162,Fanny Gulc,1/8/2023,Horka nad Moravou
163,Drugi Bent,9/26/2021,Arapiraca
164,Thibaud Roglieri,5/9/2024,Salon-de-Provence
165,Gare Bilham,7/7/2024,Afonsoeiro
166,Thane Roj,10/22/2021,Helmas
167,Molly Blainey,11/8/2022,Xiaozhen
168,Carolyne Brekonridge,12/14/2021,Szprotawa
169,Savina Roake,5/2/2025,Old Shinyanga
170,Gelya Valois,9/25/2021,Rutana
171,Elroy Tavner,5/31/2021,Basail
172,Nancy Marchington,2/21/2023,Xiaomenjia
173,Thebault Meads,7/13/2022,Kachkanar
174,Malvin Moehle,10/7/2023,Koronadal
175,Elbertine Learmond,1/24/2024,Ponta Porã
176,Tina O'Halloran,3/11/2022,Owczarnia
177,Edgard Velez,11/27/2023,Rio
178,Kaylil Crotty,8/31/2024,Xiqiao
179,Rollie Morit,1/27/2024,Qianguo
180,Elbert Kilfether,1/30/2022,Panyarang
181,Flint Garstang,10/27/2022,Totok
182,Jillie MacKomb,11/29/2023,Itajubá
183,Jacinthe Skett,1/5/2025,Nadezhda
184,Cordell Folk,4/29/2025,Mahaddayweyne
185,Itch Lay,7/26/2022,Zuocun
186,Dianemarie Bea,11/6/2024,Zakan-Yurt
187,Alvie Mercey,12/28/2021,Kalianyar Selatan
188,Tobe Honatsch,11/18/2021,Shatoja
189,Hedwig Bolzen,4/28/2024,Mirimire
190,Willy Guerrero,10/11/2022,San Jose
191,Cindie Le Estut,11/18/2022,Krajan Sidodadi
192,Donnajean Dunsmore,4/9/2025,Divnoye
193,Hilario Winslow,12/7/2021,Sterlitamak
194,Leigha Nassau,10/19/2021,Cruz
195,Ruben Lowry,7/28/2023,Wilkowice
196,Neel Jeffcock,12/24/2023,Tarko-Sale
197,Rudolph Stollenberg,11/29/2021,Kortkeros
198,Orelle Mewburn,5/16/2024,Chantilly
199,Arly Reede,5/25/2024,Beigang
200,Sydney Aylott,4/3/2024,Sanbao
201,Elwira Staves,6/17/2023,Santo André
202,Constantina Leavens,11/6/2021,Zhonggang
203,Karry L' Estrange,8/14/2022,Častolovice
204,Roxanna Crass,12/30/2023,Banaba
205,Penny Keeting,6/27/2024,Tiantang
206,Leora Brower,2/6/2023,Jinji
207,Saxe Yielding,10/26/2022,Winterthur
208,Evered Keasey,5/31/2021,Ombul Barat
209,Lilla Wittke,7/9/2021,Nyurba
210,Shir Paffley,12/12/2021,Cahul
211,Jaime Messenger,7/11/2022,Bungabon
212,Ellene O'Collopy,3/26/2023,Las Garcitas
213,Hal Fuidge,11/2/2022,Reinaldes
214,Benyamin McAvin,9/13/2023,Newton
215,Sandi Escalera,10/2/2023,Bourges
216,Tiebold D'Costa,8/4/2021,Carandaí
217,Jory Newgrosh,2/17/2022,Yunluo
218,Ursa McCurrie,6/1/2023,Tetyushi
219,Rusty Marco,3/28/2025,Loay
220,Rafaela Redolfi,5/4/2022,Gaoqiao
221,Robbie Orthmann,9/1/2023,Goworowo
222,Maurizia Woodberry,8/22/2021,Bouillon
223,Phylys Jillings,9/24/2023,Detik Satu
224,Kimberly Speeding,4/13/2025,Cuauhtemoc
225,Callie Jellard,4/14/2024,Orneta
226,Donnamarie Skeldon,2/9/2023,Hairag
227,Terrance Pavelin,2/24/2023,Rosaspata
228,Emalee Ogger,11/6/2023,Alor Setar
229,Zitella Finnemore,7/3/2023,Perushtitsa
230,Tiffie McWilliam,1/17/2024,Cibeureum
231,Amity Broster,8/31/2023,Kuala Lumpur
232,Hadley Howlett,9/13/2022,Jerusalem
233,Marga Botcherby,8/14/2021,Cipicung
234,Base Rohlfs,8/26/2022,Shebalino
235,Vitoria Milier,9/10/2022,Alcaria
236,Margaret Cavanagh,9/10/2021,Icononzo
237,Fowler Favell,12/18/2021,Novosel’ye
238,Ines Inmett,1/2/2025,Ostrów Mazowiecka
239,Karolina Vittori,10/6/2024,Cajabamba
240,Clayton Cosgrave,9/23/2022,Silgueiros
241,Maddy Jorat,10/6/2021,Utrecht (stad)
242,Alford Currington,8/24/2024,Ramalhal
243,Sydney Ingarfield,10/26/2021,Changsha
244,Elladine Di Biagi,12/15/2024,Ramat Gan
245,Lauritz O'Devey,9/10/2024,Vesele
246,Doralyn Beebee,3/27/2024,Santa Cruz do Capibaribe
247,Jesse Hirjak,2/11/2023,Brea Pozo
248,Milo Huitt,4/2/2024,Dembéni
249,Aubrey Stoving,5/11/2023,Shchukino
250,Scotty Maruszewski,7/18/2024,Ángeles
251,Laurella Diss,12/16/2023,Maiwang
252,Murray Reyburn,12/4/2021,Dakhla
253,Gardener Jochanany,7/16/2022,Athens
254,Emmanuel Ault,10/16/2023,Toritama
255,Carrol McSharry,5/30/2022,Lisui
256,Corty Jeppensen,6/28/2024,Potikosin
257,Tori Roelofs,1/19/2023,Nankou
258,Ardath Hull,4/10/2024,Chunjiang
259,Inglebert Pydcock,3/2/2024,Punta Hermosa
260,Laetitia Corain,10/10/2023,Pueblo
261,Isabeau Gavagan,12/22/2024,Bobo-Dioulasso
262,Graeme Owbridge,5/3/2022,Cimaragas
263,Mariana Walls,7/25/2024,Köneürgench
264,Lyle MacCole,2/19/2023,Bogi
265,Aida Risbridger,11/10/2022,Taboc
266,Farica McCahey,8/8/2023,Simnas
267,Hugues Guest,7/31/2024,Santa Cruz
268,Barris Meneghelli,10/15/2024,Bang Racham
269,Ted Pimlock,7/22/2022,Paloh
270,Grange Whitecross,8/21/2024,Malinta
271,Verina Kardos-Stowe,10/31/2023,Zhangjiang
272,Bartlet Christofor,8/21/2021,Shani
273,Winnah McHale,7/18/2024,Jiangchuan
274,Adorne Vondracek,4/4/2024,Stavyshche
275,Lenci Brackpool,4/26/2022,Yangiobod
276,Mechelle Tupling,6/29/2021,Ajaccio
277,Kaine Domican,11/21/2022,La Unión
278,Rosco Olivari,5/8/2025,Batubantar
279,Farlay Sotham,11/2/2023,Guangli
280,Sunny Witheridge,10/13/2023,Fershampenuaz
281,Jayson Delmage,10/2/2024,Afántou
282,Randene Gillbard,7/21/2022,Gävle
283,Belicia Keech,7/19/2021,Villa Bustos
284,Karlen Tesh,5/15/2022,Banzão
285,Meir Beamond,5/12/2022,Bárrio
286,Lin Mitchell,10/5/2022,Rukungiri
287,Vita Entreis,6/4/2022,Zblewo
288,Basil Hanks,6/21/2024,Agbannawag
289,Federico Gayter,2/7/2024,Shingū
290,Maximilian Hamshere,12/17/2021,Tebingtinggi
291,Jacquetta Levensky,8/14/2023,Gambarjati
292,Rorke Skoof,4/4/2024,Neob
293,Tate Carletto,3/20/2024,São José do Rio Pardo
294,Warner Gallaher,7/19/2021,Penedo
295,Vivienne Berkley,12/1/2021,San Agustin
296,Nari Darke,4/5/2025,Yên Bái
297,Gerianne Whieldon,2/19/2025,Cirateun
298,Marje Fusco,7/25/2023,Grojec
299,Jenny Lemmanbie,4/1/2024,Rychvald
300,Webster de la Valette Parisot,11/9/2023,Ylöjärvi
301,Oby Zammett,1/29/2024,Bagani
302,Trudy Huffer,10/2/2021,Manuel Antonio Mesones Muro
303,Kimmie Slad,3/11/2025,Senhor da Serra
304,Fredi Allin,2/28/2024,Castainço
305,Jamie Harget,3/17/2023,Kopychyntsi
306,Nikolaos Beesey,9/1/2021,Zhuzuo
307,Annalee Sawkins,5/21/2023,Mulatupo
308,Marisa Blandamore,5/25/2021,Tumba
309,Ronnica Andrieu,5/12/2024,Dazuo
310,Claudian Tembey,1/23/2023,Oubei
311,Eve Stockwell,11/29/2021,Tierralta
312,Burnaby Pipe,12/30/2023,Shumikha
313,Vickie Kershaw,3/1/2025,Bangrat
314,Rolfe Narey,9/28/2022,Limbalod
315,Clement Dever,11/26/2024,Pexiligais
316,De witt Quinevan,2/20/2024,Siwa Oasis
317,Nikkie Fomichkin,6/4/2023,Tor
318,Arlene Killik,10/10/2022,Shirokovskiy
319,Noelle Lamshead,11/20/2024,Pondokrejo Wetan
320,Andy Burgot,3/28/2024,Hengjiang
321,Stephanie Carlesi,6/7/2024,Monte Branco
322,Eliot Boak,4/18/2024,Bamnet Narong
323,Daniele Breddy,8/30/2024,Pangani
324,Bob Hurll,12/11/2024,Huoqiu Chengguanzhen
325,Elmira Zupone,8/20/2024,Liangshan
326,Toby Casserly,10/26/2022,Jianqiao
327,Ivie Antonelli,6/17/2024,Conchucos
328,Lenka MacMeanma,6/8/2024,Tabia
329,Shaun Duguid,7/31/2024,Las Palmas
330,Teddy O'Longain,11/28/2024,Hongtang
331,Darelle Hanshawe,6/26/2021,Charlemagne
332,Krystal D'Ambrosio,8/12/2023,Světlá nad Sázavou
333,Lucas Conner,12/4/2021,Lintaca
334,Lynn Ronaghan,2/21/2023,São Mamede
335,Aldin Ableson,2/2/2022,Melikkrajan
336,Maire Diggin,6/21/2023,Norrköping
337,Artie Filippov,2/16/2024,Meishan
338,Jeddy Couser,6/25/2024,Kiraman
339,Verna Aaronsohn,1/28/2023,Sidomulyo
340,Carver Yexley,3/16/2025,Klang
341,Hedi Moncrieffe,8/14/2021,Aygek
342,Kaela Arndt,10/29/2023,Oughterard
343,Thibaut Grimolbie,10/24/2021,San Isidro
344,Bellanca Bellew,12/8/2023,Tiên Lãng
345,Garwin Bewlay,10/4/2024,Longcun
346,Jammal Jellico,12/22/2021,Gemena
347,Milzie Feek,8/1/2022,Kyjov
348,Waldo Vousden,2/13/2024,Meringkik
349,Vannie Ferby,10/17/2023,Abha
350,Jill Ahmad,2/26/2025,Bhokadoke
351,Rochell Hansford,1/26/2023,Blizne
352,Naomi Biles,6/27/2022,Cuamba
353,Dulcy Bushaway,9/30/2022,Dagur
354,Sammy Goldspink,7/12/2024,Gaoqiao
355,Rycca Gairdner,9/14/2023,Ricardo Flores Magon
356,Phip Lamort,2/25/2023,Yuza
357,Flossie Waplington,10/15/2023,Sarāvān
358,Ford Wrought,12/12/2021,Wadungasri
359,Paulie Duckwith,9/20/2021,Volovo
360,Junette Dalgleish,10/12/2021,Ribeiro
361,Myrtia Karpinski,4/8/2025,Padangbatung
362,Gratiana Mitchiner,12/18/2022,Vila Fria
363,Lonee Trail,5/26/2021,Soacha
364,Rodd Parcell,4/23/2022,La Falda
365,Gabey Cherryman,11/17/2022,Kharp
366,Josey Faiers,5/5/2024,Loures
367,Julio Seery,5/30/2021,Bronkhorstspruit
368,Collette Connow,5/9/2022,Grootfontein
369,Hazel Tembridge,3/13/2025,Donetsk
370,Rob Meys,5/20/2022,San Borja
371,Robbi Lodeke,1/23/2025,Chizhou
372,Eustacia Argontt,1/26/2025,Weligama
373,Fredelia Iacobo,12/21/2023,Al Jahrā’
374,Inna Balsillie,7/19/2023,Espinal
375,Kellen Pardue,8/19/2023,Fangfan
376,Christian Roon,7/9/2023,Chigoré
377,Linus Tschersich,7/11/2022,Péplos
378,Ev Heinzler,1/15/2024,Thị Trấn Yên Thịnh
379,Jeffy Carty,1/18/2024,Vaitogi
380,Leoline Ouver,9/8/2023,Mozzozzin Sur
381,Koren Grastye,6/1/2021,Dole
382,Nari Napthine,4/15/2023,Ronggo
383,Faun Le Moucheux,12/28/2024,Profítis Ilías
384,Maybelle Connell,3/7/2023,Swindon
385,Jeni Megainey,3/2/2025,Strängnäs
386,Owen Ivetts,12/8/2021,El Congo
387,Perle Tapner,8/27/2021,Xinpo
388,Brett Sowman,5/26/2021,Limonade
389,Ketti Quartermain,11/20/2023,Henglin
390,Jessey Hatto,2/14/2025,Nicoya
391,Clio Jerrams,4/19/2023,Svilajnac
392,Yasmin Stockport,4/28/2024,Huanghe
393,Alphonso Haydock,8/5/2022,Usatove
394,Lyda Rubenczyk,2/11/2023,Chengnan
395,Lyman Constable,1/4/2024,Fujishiro
396,Albrecht Ranyell,5/24/2023,Qianjin
397,Oren Nevin,1/29/2023,Burgas
398,Ike Aplin,3/29/2022,Terra Chã
399,Adria Rawsthorne,1/18/2022,Loikaw
400,Melania Tuffley,3/6/2025,Āstārā
401,Audra Pittock,11/15/2023,Remedios
402,Hanson Mourant,9/27/2023,Parakanpanjang
403,Maddie MacKain,11/1/2021,Kryvyy Rih
404,Bobby Tilbey,8/25/2021,Zhize
405,Gwenni Ivanilov,11/2/2021,La Reforma
406,Alvie Cumesky,4/30/2025,Mirošov
407,Dionis Bembrick,2/21/2022,Bayan Hot
408,Marla Archambault,9/2/2023,Créteil
409,Erastus Teape,4/1/2025,Rio Covo
410,Markos Wimmer,5/7/2024,Shishan
411,Rollins Bennedsen,10/11/2024,Mueang Suang
412,Libbey Muriel,9/16/2022,Mandaguari
413,Belia Hachette,4/30/2024,Przecław
414,Manuel Harflete,5/28/2021,Zamoskvorech’ye
415,Luelle Kassman,1/3/2024,Lijia
416,Corry Downham,7/18/2024,La Lima
417,Evan Piotrowski,11/4/2024,‘Ayn an Nasr
418,Templeton Kretschmer,2/13/2025,Castle Bruce
419,Holmes Heck,6/11/2023,Afaahiti
420,Benoit Corneliussen,8/3/2024,Achadinha
421,Sandy Petruskevich,11/28/2023,Dalmatovo
422,Bengt Exrol,11/26/2023,Kandangsapi
423,Libbi Handaside,6/9/2024,Eshan
424,Hilton Tibbetts,1/12/2023,Bałtów
425,Domenic Dockreay,7/8/2024,Uijeongbu-si
426,Monti Fairney,4/16/2022,Klášter
427,Katerine Mosson,11/13/2023,Manabo
428,Dane Linkie,4/25/2025,Nangerang
429,Etta Rontsch,8/24/2023,Consolacion
430,Guilbert Francescotti,5/28/2024,Penghua
431,Maurene Aspinell,4/11/2022,Kawaguchi
432,Estrellita Kolinsky,12/20/2024,Hino
433,Cecelia Pirie,6/19/2021,Bukitkemuning
434,Jocko Peret,11/16/2024,Basak
435,Alfred Simoneschi,4/6/2025,Ban Lam Luk Ka
436,Adi Mordanti,10/22/2024,Ronneby
437,Shaine Yarham,5/20/2022,Atlanta
438,Tomkin Andino,11/7/2024,Digos
439,Lazaro Dignon,1/5/2025,Pangkungparuk
440,Allayne Maughan,6/21/2021,Akkol’
441,Lou Siveyer,2/10/2025,Thị Trấn Triệu Sơn
442,Ginnie Hobson,8/8/2021,Augsburg
443,Juline Maginn,12/20/2022,Sangzhou
444,Alfred Suttling,11/22/2023,Yambol
445,Barr Durdan,6/4/2022,Roubaix
446,Clemens Geraghty,5/1/2023,Bukomansimbi
447,Priscilla Haydn,2/5/2022,Freixo de Numão
448,Ursula Nowakowski,4/14/2023,Vareš
449,Deana Rome,7/10/2022,Nikel’
450,Germain Tighe,5/19/2022,Terangun
451,Demetrius Brimacombe,3/17/2025,Buenos Aires
452,Sandy Lanfranchi,4/27/2022,Gabasumdo
453,Georgena Arendsen,8/7/2022,Budakovo
454,Clim Maggorini,10/2/2021,Sabugueiro
455,Corrianne Gauvain,4/11/2022,Lukulu
456,Otis Murty,12/6/2023,Kurungannyawa
457,Belinda Mattielli,2/4/2022,Żyrardów
458,Guilbert Calladine,10/12/2022,Timrå
459,Stavros Pilipets,10/27/2022,Xinji
460,Celestyn Snartt,12/21/2022,Cabalaoangan
461,Concettina Gonneau,3/21/2024,Jankovec
462,Patricia Hargate,5/23/2021,Hekou
463,Josy Alen,5/15/2021,Hyesan-dong
464,Lotte Glenton,3/25/2022,Belisario Dominguez
465,Marcus Gokes,12/27/2022,Ruzhany
466,Laurene Harmon,6/28/2022,Kosmonosy
467,Trudy Sandbrook,2/25/2023,Presidente Epitácio
468,Sorcha Windybank,10/25/2022,Kurumkan
469,Jessalyn Giblin,4/18/2023,Shuanglong
470,Cynthea Nevill,11/22/2023,Bieto
471,Elwood Brownsey,12/27/2022,Haruman
472,Jammal Donohoe,3/1/2025,Cocieri
473,Hersh Myrick,8/5/2024,Arpajon
474,Kinny Eloi,12/9/2021,Shuanglu
475,Albertine Ferruzzi,9/2/2021,Maiorca
476,Heindrick Daintith,10/17/2021,Zuocun
477,Tiffi Riquet,10/24/2023,Yaqian
478,Maritsa Kitchinghan,5/11/2023,Bārkhān
479,Vanda Mirando,4/12/2023,Shuangqiaoping
480,Georgianne Richardes,9/29/2021,Dijon
481,Nananne Aisbett,1/21/2025,Horodne
482,Melva Geertz,1/29/2024,Hamakita
483,Gale Meharry,12/9/2023,Banyupoh
484,Saxon Oxer,2/12/2022,Santa Cruz do Sul
485,Randee Bygrove,7/13/2022,Balete
486,Aguste Chessell,3/19/2023,Ficksburg
487,Virgil Agneau,4/16/2025,Góra
488,Rollin Sweedland,5/22/2022,Jankomir
489,Ninette Fairhead,2/11/2022,Salvacion
490,Tonnie Waything,12/21/2024,Caijiapu
491,Bernhard Gordon,3/15/2023,Borzechów
492,Shanna Hartless,1/23/2023,Artybash
493,Blondie Channing,11/17/2021,Miaoyu
494,Hyacintha Stearns,12/1/2023,Rustam jo Goth
495,Chariot Ledster,8/28/2024,Baruunsuu
496,Borg Blackaller,6/9/2021,Banjar Dauhpura
497,Moria Pott,7/5/2021,Lanzhong
498,Henderson Beeston,12/2/2024,Nakama
499,Gardie Ivamy,9/24/2023,Dera Murād Jamāli
500,Nat St. Ledger,5/3/2023,Ulety
501,Alisander Wigginton,4/23/2025,Wuyang
502,Alexa Cockayme,1/21/2025,Lopez Jaena
503,Jocko Hearns,5/3/2022,Massaranduba
504,Geri Swindin,11/19/2024,Kayu Agung
505,Nevile Gaveltone,4/18/2022,Dalmeny
506,Jasper Trowsdale,11/17/2023,Banakaja
507,Gaelan Lisciandri,5/7/2025,Si Thep
508,Blakeley McConaghy,2/28/2023,Ben Arous
509,Morena Oaker,10/18/2023,Évry
510,Teri Goodanew,1/27/2023,El Coco
511,Sibylle Gonnely,9/12/2023,San Antonio
512,De witt Lonie,8/30/2024,Kulun
513,Nicky Blezard,6/14/2024,Tucumã
514,Alexio Kebell,4/19/2022,Kapenguria
515,Leonie Sarath,6/28/2024,Heřmanův Městec
516,Rooney Randal,3/26/2025,Tall Ḩamīs
517,Alisha Stebbings,6/24/2023,Manaquiri
518,Meade Huckerbe,7/6/2023,Chivhu
519,Alix Sermin,6/24/2024,Rumāh
520,Ludvig Branchet,5/20/2023,Skalat
521,Jon Howlin,12/23/2024,Kępie Żaleszańskie
522,Brana Barti,7/13/2022,Bry-sur-Marne
523,Les Itzak,7/19/2022,Adraskan
524,Haywood Murgatroyd,11/14/2023,Can-asujan
525,Lucille Skillitt,1/11/2023,Rappang
526,Corie Echallier,10/19/2021,Uzgen
527,Franky Keepe,4/21/2023,Kimanuit
528,Allianora Lasseter,5/1/2024,Belford Roxo
529,Estevan McCumesky,6/21/2023,Sepulu
530,Arnold Nibley,1/17/2024,Lingshan
531,Miner Ashe,3/21/2022,Regimin
532,Debra Morfett,5/2/2025,Jobabo
533,Chad Kirkby,10/18/2024,Shahe
534,Melba Benzie,11/18/2021,Bandeirantes
535,Ardella Sopp,3/5/2023,Zhongxian
536,Edwin Borkin,7/16/2022,Kishkenekol’
537,Jemie Corbridge,2/4/2023,Xiyang
538,Ernestine Castledine,11/29/2023,Krajan
539,Tomkin Keates,6/10/2023,Colcabamba
540,Gasparo Sexon,9/23/2021,Shangyu
541,Laney Cansdall,11/17/2024,Tiel
542,Mordecai Coonan,3/25/2025,Akhfennir
543,Lianna Leisk,7/18/2021,Chanthaburi
544,Branden Baignard,4/15/2022,Dagohoy
545,Quent Brade,1/26/2022,Frei
546,Rufus Aldritt,5/21/2021,Tayabo
547,Maddie Burtonwood,12/13/2021,Dula’er Ewenke Minzu
548,Marsiella Dawney,5/10/2025,Bilbays
549,Fairfax Jennaway,1/10/2025,Tegalbuleud
550,Sumner Redborn,3/30/2024,Sanhe
551,Gordy Catton,9/7/2021,Champigny-sur-Marne
552,Armand Liell,6/9/2022,Itabuna
553,Issi Robey,3/27/2022,Minji
554,Carolyne Grinham,7/10/2021,Kommunar
555,Alfy Butler-Bowdon,8/2/2023,Chenzui
556,Maura Gurys,5/20/2024,Nizhniy Tagil
557,Delbert Powney,5/31/2023,Jiquinlaca
558,Wilmette Joules,10/2/2023,Austin
559,Teena Seywood,11/1/2023,Levski
560,Allister Messam,12/2/2022,Besuki
561,Thornton Petruk,11/24/2023,San Ramón
562,Dal McKeady,12/18/2022,Pacaycasa
563,Michaela Anmore,1/25/2023,Novonukutskiy
564,Boothe Benesevich,11/15/2022,Gusau
565,Lesly Helix,3/25/2022,Neuilly-sur-Marne
566,Ira Gauntlett,5/14/2022,Karanyowka
567,Nealson Giblin,12/3/2022,Kabanga
568,Valentino Davioud,1/31/2025,Shuangwang
569,Bendick Zimmer,10/21/2022,Proptisht
570,Flynn Larratt,2/12/2025,Masinloc
571,Cash Rushford,1/10/2024,Ruse
572,Abdul Wrankmore,9/6/2023,Cukalat
573,Jerrylee Reinbeck,8/5/2022,Fenghuang
574,Wynnie Apthorpe,11/11/2024,Faaone
575,Denise Smewings,6/23/2021,Laborie
576,Brett Kitchaside,7/22/2021,Tangchijie
577,Isidoro Gales,10/2/2024,Farrokh Shahr
578,Cherey Febvre,6/12/2022,Salinungan Proper
579,Keary Moat,9/3/2023,Dole
580,Tessa Hirjak,6/16/2022,Vodnyy
581,Karlotta Unsworth,6/9/2023,Lemenhe
582,Eirena Aronowicz,4/15/2023,Pervomayskaya
583,Devlen Butterley,9/21/2023,Kafr Nubl
584,Cathie Aberkirder,11/18/2021,Glan
585,Persis Tatum,2/26/2023,Seupakat
586,Osbourn Bickerdicke,10/4/2022,Fanyang
587,Hermione Hilbourne,6/23/2023,El Zapote
588,Merilee Halfacree,11/8/2024,Zbąszyń
589,Kippy Jovicevic,12/4/2022,Stockholm
590,Carlin Langthorne,10/28/2022,Czarna
591,Zaria Laurent,11/14/2024,Bonneuil-sur-Marne
592,Wesley Jansey,8/25/2023,Bokino
593,Salomo Tribble,5/31/2022,Wanjiazhuang
594,Isobel Sabben,12/12/2021,Zhuyang
595,Ferdie Oakenford,5/25/2022,Monastir
596,Lisetta Scholes,11/11/2024,Portelinha
597,Pinchas Scola,11/23/2023,Lanos
598,Jennifer Pardew,6/2/2024,Pavlovskiy Posad
599,Benji Munehay,1/29/2023,Campo Quijano
600,Hamid Smeath,8/13/2024,Puerto Quijarro
601,Tobey Wardingly,7/8/2024,Maying
602,Giorgi Burgane,1/30/2023,Rotunda
603,Karoly Peacey,10/15/2021,Wenheng
604,Karrie Kolakovic,1/5/2023,Jinshan
605,Shellie Storkes,12/6/2024,Tangier
606,Ruben Rippingall,1/4/2023,Kendalrejo
607,Moise Samper,4/13/2023,Montbéliard
608,Suellen Klein,4/14/2024,Lyon
609,Zachariah Janicijevic,5/8/2022,Pretana
610,Amandi Phripp,1/23/2025,Pôrto Barra do Ivinheima
611,Ronny Eyrl,6/20/2023,Krajan Satu
612,Allie Floyde,10/28/2024,Velykyy Klyuchiv
613,Rutherford Sterzaker,9/15/2022,Tumu
614,Raeann Critoph,4/1/2022,Taipingxu
615,Lillian Lantry,5/22/2024,Olejet
616,Alexandre Imlin,2/4/2022,Louka
617,Dania Cokly,8/11/2021,Ludbreg
618,Beilul Dobrovolny,6/4/2023,Ash Shafā
619,Edward Rozec,8/15/2023,Mino
620,Curry Simonson,6/16/2022,Badar
621,Helyn Faull,7/18/2021,Pułtusk
622,Archy Lewens,1/27/2023,Olival
623,Tait Christophe,10/14/2022,Iperó
624,Casie Bellward,6/20/2021,San Lorenzo
625,Genevra Marcum,7/4/2024,Inglewood
626,Temple Peyro,2/21/2025,Libacao
627,Lorette Flew,7/12/2023,Salon-de-Provence
628,Paolina Bricket,12/19/2022,Karvia
629,Asia Sweatland,2/2/2022,Sosnogorsk
630,Lilian Minchin,4/16/2022,Vlachovice
631,Ardisj Bhatia,7/7/2021,Cibangban Girang
632,Fidelity Shervil,7/17/2023,Cambé
633,Thomas Thursby,8/30/2021,Cabuyao
634,Sheppard Mcmanaman,5/11/2024,Yangdian
635,Borg Zanioletti,5/27/2021,Celendín
636,Ramon Deamer,12/2/2024,Samamiya
637,Levon Byng,5/18/2023,Lambton Shores
638,Jada Leader,7/19/2023,Shangwuzhuang
639,Laureen McKeney,4/20/2025,Belém
640,Jory Round,12/9/2021,Kajisara
641,Bruno Benthall,2/2/2023,Rio das Pedras
642,Janine Bomfield,10/6/2021,Xucheng
643,Lauretta Martlew,4/16/2023,Yihe
644,Diane Cunniam,6/30/2022,Miramar
645,Mile Spreckley,4/6/2022,Xipi
646,Vanessa Trusty,11/20/2022,Ryczów
647,Boothe Dowrey,11/1/2022,Lelekovice
648,Amery Geeson,11/16/2022,Dhanot
649,Vern Staner,5/16/2021,Estarreja
650,Raleigh Cundey,5/27/2022,Al Manşūrah
651,Florencia Peasnone,11/10/2023,Jinxiang
652,Marten de Bullion,1/23/2024,San Jose
653,Korey Le Merchant,10/5/2023,Leiguan
654,Quentin Pannett,9/29/2023,Umingan
655,Inger Cornilli,7/7/2023,Alegria
656,Coraline Jentle,5/30/2022,Sáchica
657,Onida Webborn,9/21/2021,Zengjia
658,Forrester Iacovelli,1/23/2023,Poiares
659,Emilio Rowlin,8/19/2023,Chancay
660,Trudey Nowell,4/10/2023,Pierreville
661,Blythe Fauning,2/16/2022,Toulouse
662,Andrus Hillin,3/5/2023,Fenchen
663,Seline Padula,10/2/2022,Eastern Suburbs Mc
664,Don Adnet,11/29/2024,Borzęta
665,Charlton Meriott,4/16/2023,Jesenice
666,Benny Fernant,5/7/2024,Santa Cruz
667,Con Springate,9/10/2021,Srbica
668,Sawyere Rollins,10/26/2024,Kipini
669,Bette Bispham,12/22/2022,Jiahe
670,Troy Pellant,8/23/2022,Gamping Lor
671,Oliy O'Giany,6/13/2022,Huajie
672,Cyb Shave,7/5/2022,Tysmenytsya
673,Corly Bickerstasse,5/13/2022,São José do Egito
674,Berget Hurran,3/3/2023,Texistepeque
675,Ev Spreadbury,1/14/2025,Xiaopu
676,Maryjane Lefley,6/1/2022,Carenang Lor
677,Jaquenette Verey,7/10/2023,Masina
678,Horton Jaszczak,7/11/2023,Grodków
679,Creighton Dellatorre,3/21/2022,Two Hills
680,Birgit D'Hooge,5/2/2024,Aoufous
681,Katey Offill,10/2/2021,Aswan
682,Devora Farran,1/2/2022,Mandikbatu
683,Xerxes Kinningley,8/11/2021,Valence
684,Brad Alvarado,5/16/2023,Horodyshche
685,Montgomery Stiling,9/24/2024,Proptisht
686,Amandy MacSkeaghan,2/20/2025,Gabahan
687,Eolanda Sigfrid,9/3/2021,Sindou
688,Alice Niesel,3/1/2025,Pruszcz
689,Tymothy Boland,12/28/2023,Ha
690,Clevie Bullion,2/26/2022,Quintães
691,Benjie Podmore,8/28/2023,Hayange
692,Melesa Jameson,4/27/2024,Lagyná
693,Reube Eccleshare,11/12/2023,Krajan Tanjungrejo
694,Rogerio Symcock,3/29/2024,Marystown
695,Wanids Paulou,9/8/2022,Nýdek
696,Leeann Medway,7/4/2023,Talakag
697,Holly Linkie,12/22/2023,Rožaje
698,Alejandro Winfrey,4/16/2025,Ivry-sur-Seine
699,Elayne Chisolm,1/31/2022,San Francisco
700,Donny Pilcher,3/26/2024,De la Paz
701,Roddy Walshe,9/30/2024,Singosari
702,Derron Rainy,11/19/2024,Gręboszów
703,Marcel Twigge,3/9/2025,Ashkāsham
704,Junette Klimkovich,1/8/2025,Korolëv Stan
705,Elizabeth Sneath,7/30/2022,Wilkes Barre
706,Lionel Adamczewski,4/19/2024,Shangping
707,Cherilynn MacAree,1/30/2025,Naran-mandokhu Somon
708,Caitlin Saltern,5/28/2021,Chimoio
709,Shel Murcutt,10/16/2024,Pervomayskiy
710,Morena Castree,10/20/2024,Toong
711,Alyce Lattimer,5/7/2025,Orleans
712,Gay McCrann,4/14/2024,Yelat’ma
713,Torin Reade,1/19/2022,Hammarö
714,Noemi Danniell,9/24/2023,Vindeln
715,Loise Charley,3/16/2022,Gent
716,Mayer Corp,5/15/2023,Pyin Oo Lwin
717,Bunny Lathwood,9/5/2023,Nanniu
718,Ludovico Garces,3/3/2024,Rosso
719,Moises Pigot,1/5/2022,Kotovo
720,Marilin Klezmski,4/13/2022,Venado Tuerto
721,King McTrustie,3/10/2024,Bongsri
722,Rebekah Cranshaw,6/24/2024,Tisma
723,Waylon Doohey,5/31/2022,Tatarsk
724,Madlen Gillise,10/7/2022,Concordia
725,Micheil Risdall,4/18/2023,Xylaganí
726,Berkeley Karel,1/4/2023,Saint-Jean-de-Luz
727,Adriane Danbye,8/23/2024,Tarvasjoki
728,Lanette Comazzo,6/16/2021,Caigongzhuang
729,Jeramey Bevir,2/14/2024,Concórdia
730,Norby Erswell,6/4/2022,Ishige
731,Ardis Digges,3/7/2024,Sanhe
732,Mellisent Joscelyn,11/10/2023,Klatakan
733,Rubetta Marioneau,10/9/2022,Rebrikha
734,Marcelo Gillett,6/18/2024,Tarogong
735,Alanson Oldacre,3/15/2025,Milwaukee
736,Curran Adolphine,6/21/2021,Bantacan
737,Brig Dunbobbin,9/29/2024,Banatski Despotovac
738,Natalie Gauler,11/24/2021,Belajen
739,Shaylynn Elintune,7/25/2022,Las Varas
740,Hillier McIlreavy,1/31/2022,Sukadana
741,Gui Tuckett,3/30/2022,Nynäshamn
742,Aluino Ezele,8/2/2024,Guansheng
743,Stanfield O'Loughlin,12/15/2023,Syntul
744,Althea Tunmore,1/4/2025,Drawsko
745,Towney Brierly,7/31/2022,Xiaping
746,Katine Brandi,10/25/2024,Annecy
747,Brit Sand,11/8/2024,Thị Trấn Tà Lùng
748,Caspar Celier,10/4/2021,Gaoshi
749,Harley Donati,3/10/2024,Katsuura
750,Suki Wrigglesworth,9/3/2022,Sebeta
751,Fabe Muge,5/24/2023,Ajoyani
752,Emmery Tumulty,7/25/2021,Şabāḩ as Sālim
753,Clyve Wale,6/14/2024,Brikama
754,Dom Hansley,9/2/2023,Gaoliang
755,Sumner Angood,1/21/2025,Vista Hermosa
756,Shermy Parsley,6/2/2021,Piškorevci
757,Val Grigorkin,12/21/2023,Angeghakot’
758,Nobie Whistlecroft,9/2/2023,Nanyulinxi
759,Lorine Kennett,2/5/2023,Yanmen
760,Ayn Springell,9/22/2021,Askersund
761,Radcliffe Jochens,3/28/2023,Concepción de La Vega
762,Morgen Brydon,2/3/2025,Iñapari
763,Jamison Mullin,5/3/2022,Mitzpe Ramon
764,Hildegaard Chard,1/11/2023,Lille
765,Estrella Bisseker,10/26/2023,Rzyki
766,Brien Pomphrett,8/26/2021,Pajeksan
767,Corbin Dreghorn,7/22/2021,Wansheng
768,Ingaberg Marriage,7/1/2021,Independencia
769,Janis Sarten,2/22/2022,Zlechov
770,Sergent Menichi,10/13/2021,Cipicung
771,Elnar Rowthorn,10/24/2022,Quezon
772,Gabey Yeudall,11/26/2021,Naushki
773,Abra Richardot,12/7/2023,Wang Nam Khiao
774,Lucine Steljes,3/9/2022,Cikou
775,Carolee Matokhnin,1/25/2023,El Triunfo de la Cruz
776,Silvio Moar,3/28/2022,Palaiseau
777,Juli Aspland,11/14/2022,Vancouver
778,Kristo Coppen,7/2/2021,Miki
779,Brenden Wolpert,5/26/2023,Stockholm
780,Gibb Ruffey,6/17/2023,Muldersdriseloop
781,Phillida Studart,7/27/2023,Ciburial
782,Dianna Ogilvie,12/2/2021,Petřvald
783,Paten Stanlick,3/24/2024,Huangnaihai
784,Sabrina Cubbini,6/14/2022,Qinhe
785,Andris Stigers,2/23/2023,Dębów
786,Even Scrange,11/22/2021,Pingling
787,Kipp Renvoise,8/31/2023,Jevremovac
788,Ritchie Ondrus,12/11/2022,Amparo
789,Tony Ogg,2/3/2024,Isulan
790,Jammal Bemwell,1/31/2024,Peishe
791,L;urette Darbon,3/31/2024,Pio Duran
792,Papagena Satterley,9/9/2024,Banyue
793,Gayelord Dinsey,1/13/2024,Venta
794,Tripp Pruce,5/15/2024,Béré
795,Bonita Webbe,11/7/2023,Usulután
796,Dill Gretton,2/22/2023,Chiang Rai
797,Torre Bente,8/29/2021,Puerto Obaldía
798,Nils Vivash,1/8/2025,Huolongmen
799,Sibley Oxtaby,10/8/2024,Bajram Curri
800,Renado Beenham,11/18/2022,Matamey
801,Kirbee Neil,5/21/2023,Susapaya
802,Antonetta Kleinpeltz,3/22/2023,Augusto Corrêa
803,Linn Ferreira,6/24/2022,Yejia
804,Sharlene Biaggetti,6/1/2021,Likwatang Timur
805,Guido Helin,1/5/2022,Kyosai
806,Brewer Ashington,12/1/2022,Fenghuo
807,Karola Widmore,12/17/2023,Biograd na Moru
808,Damaris Dubose,11/1/2022,Kaznějov
809,Merna Burton,7/23/2023,Võhma
810,Annecorinne Finlator,6/30/2024,Varennes
811,Maisey Veschi,9/7/2022,La Cruz
812,Tisha Ramel,11/4/2024,Shuntian
813,Cam Kinglesyd,9/10/2022,Quận Bốn
814,Sunny Godbold,10/13/2023,Katoro
815,Karin Leaves,9/27/2024,Turba
816,Arnold Foat,6/15/2021,Kunjāh
817,Franklyn Casel,7/28/2023,Maythalūn
818,Carey Dartnell,9/22/2022,Néma
819,Domini Tatham,4/22/2025,Huaibei
820,Marcus Slowcock,9/5/2022,Bang Kaeo
821,Tibold Mettetal,3/17/2022,Chiara
822,Harlen Breffitt,7/8/2022,Kosmach
823,Jillian Naul,3/14/2024,Ängelholm
824,Ramon Chellenham,1/8/2024,Uherský Brod
825,Vasilis Hake,3/9/2022,Pelem
826,Esma Malacrida,4/17/2024,Krajan Sumberanget
827,Karim Shale,9/13/2023,Tanay
828,Loria Sherburn,11/11/2021,Pereira
829,Blake Vasovic,2/18/2025,Emmen
830,Melanie Awty,2/2/2025,Jawornik
831,Pepita Ragsdale,8/7/2022,Wanliang
832,Denni Oldcroft,10/18/2021,Driyorejo
833,Lazar Lamb-shine,2/16/2024,Qianxu Zhen
834,Corri Lorkings,11/26/2021,Huangcun
835,Casper Roos,6/23/2024,Carson City
836,Rodi Corr,6/19/2024,Machang
837,Theresita Boyce,11/19/2023,Dayuan
838,Lizbeth Millin,11/4/2024,Marcabamba
839,Arlena Cockitt,1/11/2025,Hagerstown
840,Annora de Guise,5/23/2023,Golomunta
841,Gusty Howel,1/7/2024,Kembang
842,Padget Brise,4/14/2025,Ciechanów
843,Maude Goodlad,7/1/2024,Dziergowice
844,Briano Deek,9/4/2023,Jianguang
845,Dorie Buddell,5/25/2022,Kuluran
846,Walt Rowen,1/30/2022,Nizhnyaya Omka
847,Kit Monketon,5/31/2023,Kairouan
848,Anabal Corser,8/4/2024,Irákleion
849,Janifer Scothorne,10/9/2022,Ishkhoy-Yurt
850,Galven Rubinowitz,11/20/2024,Tianchi
851,Faustina O'Cannan,3/2/2022,Kinalansan
852,Britni Endle,1/25/2022,Goussainville
853,Jareb Abbado,10/3/2021,Ćićevac
854,Renado Selway,4/2/2024,Stockholm
855,Berna Sizland,12/15/2024,Seremban
856,Walden de Broke,10/24/2024,Bharatpur
857,Frank Grimestone,12/7/2023,Angra do Heroísmo
858,Annabela Gillaspy,5/22/2023,Caraga
859,Shirleen Sahlstrom,10/29/2021,Ishurdi
860,Pennie Dyter,5/17/2021,Épinal
861,Bat Buckby,6/14/2021,Antipolo
862,Roanne Barizeret,3/22/2025,Guaíra
863,Emilie Rattenberie,12/21/2021,Mirsíni
864,Trixie Breitler,5/17/2022,Cerro Azul
865,Emilia Shallow,8/5/2024,Obrera
866,Arron Plott,5/10/2024,Nikolina Gora
867,Millie Arrighi,2/3/2022,Weda
868,Alexandrina Maybey,8/29/2024,Boyany
869,Ingamar Mannooch,11/22/2021,Gorzyce
870,Di Footer,11/16/2024,Jing’an
871,Bibbye Kordt,11/19/2022,Ushumun
872,Zenia Aimson,8/31/2023,Maardu
873,Lydia McGrae,12/11/2021,Shayu
874,Myrna Prodrick,7/20/2023,Quintão
875,Carolin Eves,9/12/2023,Nangkasari
876,Marne Hallaways,5/26/2023,Craigavon
877,Brigitte Haycraft,2/19/2023,Beni
878,Camala Mobley,9/23/2023,Macroom
879,Mal Hubball,12/1/2022,Yantianhe
880,Valencia Blancowe,6/25/2024,Klayusiwalan
881,Catrina Neward,7/16/2021,Nama
882,Winonah Andreotti,12/29/2023,Sanli
883,Orin Ketteringham,12/24/2022,Bailianhe
884,Karrah Deas,9/25/2023,Izazi
885,Kale Franklin,5/24/2023,Santo Niño
886,Lexy McGrowther,10/19/2021,Zvezdara
887,Serena Jurewicz,11/8/2022,Capela
888,Chrisy Bayliss,12/12/2022,Sembabule
889,Faythe Hearne,10/30/2024,Ma’an
890,Vinny Keates,5/15/2024,Dongsheng
891,Yasmeen Adriaan,1/21/2024,Zheleznodorozhnyy
892,Elwin McCoish,11/24/2022,Brooklyn
893,Betteann Nethercott,5/15/2021,Pingshan
894,Kerry Tytterton,11/17/2024,Macaíba
895,Marnie Andrusov,5/30/2023,Dongping
896,Mikaela Cogdon,2/23/2025,Senduro
897,Keslie Bernardino,1/9/2024,Silvares
898,Bren Larcombe,8/14/2024,Guanyinsi
899,Bond Lynn,7/28/2021,Bamusso
900,Doroteya Newbegin,11/30/2023,Huangwei
901,Mart Cubbon,5/14/2023,Malicboy
902,Mason Cothey,7/7/2021,Paris 18
903,Arlan Mardlin,3/22/2023,Černovice
904,Karie Sleany,8/8/2022,Gävle
905,Ambrosio Oxtaby,7/25/2021,Nazaré
906,Bertrand Potticary,2/27/2023,Yarang
907,Sayres Hudson,7/4/2022,Kurikka
908,Rodney Dunkerley,3/29/2022,Courelas Bravas
909,Gordie Huskisson,1/19/2025,Rizómata
910,Ingmar Brigman,10/25/2023,Wādī as Sīr
911,Wernher Hutchcraft,1/30/2023,Bambanglipuro
912,Randie Jutson,8/13/2021,Paseyan
913,Fifine Haslen,8/19/2024,Badean
914,Bellina Snodden,6/17/2021,Xuxiake
915,Cherie Scrowton,10/3/2023,Kitami
916,Ciel Kearns,5/27/2023,Monastyryshche
917,Ulrick Woolstenholmes,8/27/2022,Arias
918,Elna Dicks,12/23/2024,Zhihe
919,Errick MacTeggart,12/8/2024,Sete Cidades
920,Lief Dorro,7/15/2023,Kafr Baţnā
921,Kasper Stickings,5/9/2022,Matos da Ranha
922,Eirena Rockwell,8/19/2021,Meitang
923,Wadsworth Joice,9/28/2024,Daleszyce
924,Nathanil Halden,6/13/2021,Kota Kinabalu
925,Kristel Ashworth,12/16/2024,Biryukove
926,Bunni Gilbart,8/21/2024,Lagos
927,Elisha Maase,3/7/2023,Hengqiao
928,Fidela Culcheth,6/1/2024,Pitumarca
929,Innis Drescher,3/25/2025,Kim Sơn
930,Karia Call,8/26/2022,Tugu
931,Billy Herreros,8/18/2023,Dalubian
932,Guss Odcroft,1/29/2024,Göteborg
933,Roze Catlette,7/28/2021,Las Trojes
934,Minne Phillot,7/4/2024,Lávara
935,Kassie Fells,9/20/2021,Tucson
936,Minne Folger,10/18/2021,Pereslavl’-Zalesskiy
937,Johnath Cowwell,12/11/2022,Khabarovsk
938,Marmaduke Michelet,5/16/2023,La Soledad
939,Tuck Burtonwood,7/3/2023,Tejen
940,Bab Bulstrode,8/17/2022,Baghdad
941,Meredithe Dawes,11/7/2024,Fílla
942,Brantley Stonner,7/28/2024,Jiangpan
943,Shalom Lillow,2/26/2025,Tamberías
944,Louisette Wansbury,11/16/2023,Drosáto
945,Claudianus Caron,3/8/2025,Bangkalan
946,Isobel Cattle,12/12/2023,Havre-Saint-Pierre
947,Clo Siss,9/3/2022,Richard-Toll
948,Lammond Kesper,1/21/2022,Dongyuan
949,Camille Yakobowitz,11/30/2021,Yingchun
950,Lemmy Cunrado,11/20/2022,Huangtugang
951,Raimondo Shreve,7/18/2023,Xin’an
952,Allyce Raff,5/26/2021,Yanghe
953,Elyn Cremins,2/27/2022,Pacaembu
954,Korry Giacoboni,1/17/2023,Diego de Almagro
955,Julianna Goschalk,6/14/2022,San Carlos
956,Peadar Besnardeau,1/19/2022,Piracaia
957,Mabel Rayer,5/16/2022,Makrýgialos
958,Maxy Westney,7/14/2022,Punta del Este
959,Derby Bridgens,5/23/2023,Karara
960,Gertrud Robardet,10/13/2022,Machagai
961,Lorene Wortman,8/16/2024,Tajan
962,Lilia Poulney,6/8/2023,Babakanlapang
963,Myrta Kinneally,6/17/2023,Vorontsovka
964,Horatia Lamps,7/24/2023,Dolní Lhota
965,Zenia Bennet,7/27/2023,Taha Man Zu
966,Garwood Dalgarnowch,3/14/2024,Anse Boileau
967,Kayle Dipple,4/5/2024,Essen
968,Rab Kalewe,12/1/2021,Pemberton
969,Ephrayim Dear,11/7/2023,Episkopí
970,Ernesto Brashaw,1/9/2023,Matayumtayum
971,Gorden Martinat,12/26/2021,Türkmenabat
972,Phylys Rihosek,2/9/2023,Santa Luzia
973,Doreen Lathwell,5/18/2021,Sigiriya
974,Reynard Klossek,10/27/2024,Cikadongdong
975,Anthiathia Enderson,5/4/2022,Chalcos
976,Lenore Mercer,7/18/2021,Sugihan
977,Lavena Cowoppe,2/27/2022,Ndom
978,Von Node,12/8/2024,Suslonger
979,Alice Rumens,4/14/2023,Zhongxiao
980,Chen Handes,7/14/2021,Suwałki
981,Vernen Charle,10/25/2022,Taldyqorghan
982,Christophorus Damerell,5/18/2021,Jastrowie
983,Carolynn Greest,6/5/2024,Turpo
984,Ganny Legerton,4/20/2022,Mitrofanovka
985,Renie Ardern,2/24/2025,Huerta Grande
986,Perl Brundrett,6/24/2023,Futian
987,Sybilla Ricketts,8/16/2023,San Rafael
988,Nariko Hug,12/23/2024,Jiangguanchi
989,Fred Itzakovitz,4/24/2022,Daoxian
990,Gusella Vannuccini,6/30/2024,Maszewo Duże
991,Trula Leyban,2/11/2022,Mayapusi
992,Pamelina Sandhill,2/20/2022,Aţ Ţurrah
993,Ferdy Hardson,5/31/2022,Leigongmiao
994,Jehu McRill,1/8/2022,Guohua
995,Consolata Cornelis,6/23/2022,Bamiantong
996,Rutledge Lindman,12/19/2023,Fiais da Beira
997,Leland McGeachy,12/25/2023,Saint-Amand-les-Eaux
998,Jaquelyn MacAscaidh,6/14/2022,Wonoharjo
999,Alvie Inder,10/23/2021,Mokronog
1000,Allan Turl,12/9/2022,Xiejiatan
